{
    "$schema": "https://schema.management.azure.com/schemas/2015-01-01/deploymentTemplate.json#",
    "contentVersion": "1.0.0.0",
    "parameters": {
        "virtualMachines_gmsa_name": {
            "defaultValue": "gmsa",
            "type": "String"
        },
        "networkInterfaces_gmsa563_externalid": {
            "defaultValue": "/subscriptions/e32a6fe0-f858-433b-aaa2-e19c9fe26ba6/resourceGroups/gmsa_group/providers/Microsoft.Network/networkInterfaces/gmsa563",
            "type": "String"
        }
    },
    "variables": {},
    "resources": [
        {
            "type": "Microsoft.Compute/virtualMachines",
            "apiVersion": "2019-07-01",
            "name": "[parameters('virtualMachines_gmsa_name')]",
            "location": "eastus",
            "properties": {
                "hardwareProfile": {
                    "vmSize": "Standard_DS1_v2"
                },
                "storageProfile": {
                    "imageReference": {
                        "publisher": "MicrosoftWindowsServer",
                        "offer": "WindowsServer",
                        "sku": "2012-R2-Datacenter",
                        "version": "latest"
                    },
                    "osDisk": {
                        "osType": "Windows",
                        "name": "[parameters('virtualMachines_gmsa_name')]",
                        "createOption": "FromImage",
                        "vhd": {
                            "uri": "[concat('https://', parameters('virtualMachines_gmsa_name'), 'groupdisks.blob.core.windows.net/vhds/', parameters('virtualMachines_gmsa_name'), '20201026224205.vhd')]"
                        },
                        "caching": "ReadWrite",
                        "diskSizeGB": 127
                    },
                    "dataDisks": []
                },
                "osProfile": {
                    "computerName": "[parameters('virtualMachines_gmsa_name')]",
                    "adminUsername": "[parameters('virtualMachines_gmsa_name')]",
                    "windowsConfiguration": {
                        "provisionVMAgent": true,
                        "enableAutomaticUpdates": true
                    },
                    "secrets": [],
                    "allowExtensionOperations": true,
                    "requireGuestProvisionSignal": true
                },
                "networkProfile": {
                    "networkInterfaces": [
                        {
                            "id": "[parameters('networkInterfaces_gmsa563_externalid')]"
                        }
                    ]
                }
            }
        },
        {
            "type": "Microsoft.Compute/virtualMachines/extensions",
            "apiVersion": "2019-07-01",
            "name": "[concat(parameters('virtualMachines_gmsa_name'), '/enablevmaccess')]",
            "location": "eastus",
            "dependsOn": [
                "[resourceId('Microsoft.Compute/virtualMachines', parameters('virtualMachines_gmsa_name'))]"
            ],
            "properties": {
                "autoUpgradeMinorVersion": true,
                "publisher": "Microsoft.Compute",
                "type": "VMAccessAgent",
                "typeHandlerVersion": "2.0",
                "settings": {
                    "UserName": "gmsa"
                },
                "protectedSettings": {}
            }
        }
    ]
}