{
    "$schema": "https://schema.management.azure.com/schemas/2015-01-01/deploymentTemplate.json#",
    "contentVersion": "1.0.0.0",
    "parameters": {
        "virtualMachines_gmsa1_name": {
            "defaultValue": "gmsa1",
            "type": "String"
        },
        "disks_gmsa1_OsDisk_1_03d982617baf4178920b93823447f0ee_externalid": {
            "defaultValue": "/subscriptions/e32a6fe0-f858-433b-aaa2-e19c9fe26ba6/resourceGroups/GMSA_GROUP/providers/Microsoft.Compute/disks/gmsa1_OsDisk_1_03d982617baf4178920b93823447f0ee",
            "type": "String"
        },
        "networkInterfaces_gmsa1689_externalid": {
            "defaultValue": "/subscriptions/e32a6fe0-f858-433b-aaa2-e19c9fe26ba6/resourceGroups/gmsa_group/providers/Microsoft.Network/networkInterfaces/gmsa1689",
            "type": "String"
        }
    },
    "variables": {},
    "resources": [
        {
            "type": "Microsoft.Compute/virtualMachines",
            "apiVersion": "2019-07-01",
            "name": "[parameters('virtualMachines_gmsa1_name')]",
            "location": "eastus",
            "properties": {
                "hardwareProfile": {
                    "vmSize": "Standard_E2s_v3"
                },
                "storageProfile": {
                    "imageReference": {
                        "publisher": "MicrosoftWindowsServer",
                        "offer": "WindowsServer",
                        "sku": "2019-Datacenter",
                        "version": "latest"
                    },
                    "osDisk": {
                        "osType": "Windows",
                        "name": "[concat(parameters('virtualMachines_gmsa1_name'), '_OsDisk_1_03d982617baf4178920b93823447f0ee')]",
                        "createOption": "FromImage",
                        "caching": "ReadWrite",
                        "managedDisk": {
                            "id": "[parameters('disks_gmsa1_OsDisk_1_03d982617baf4178920b93823447f0ee_externalid')]"
                        }
                    },
                    "dataDisks": []
                },
                "osProfile": {
                    "computerName": "[parameters('virtualMachines_gmsa1_name')]",
                    "adminUsername": "gmsa",
                    "windowsConfiguration": {
                        "provisionVMAgent": true,
                        "enableAutomaticUpdates": false
                    },
                    "secrets": [],
                    "allowExtensionOperations": true,
                    "requireGuestProvisionSignal": true
                },
                "networkProfile": {
                    "networkInterfaces": [
                        {
                            "id": "[parameters('networkInterfaces_gmsa1689_externalid')]"
                        }
                    ]
                },
                "diagnosticsProfile": {
                    "bootDiagnostics": {
                        "enabled": true
                    }
                }
            }
        }
    ]
}